Question #,Task ID,Category,Question,Expected/Criteria,AI Answer,Score
1,BASIC_01,Data Understanding,Which vehicle model sold the most units in the US in 2024? [Answer: model name o...,Fiesta,F150,5.2/10 (52%)
2,BASIC_02,Data Understanding,How many total units did the Escape model sell across all regions in 2024? [Answ...,763992,137733,2.5/10 (25%)
3,BASIC_03,Data Understanding,"Which region had the highest sales for the F150? [Answer: region name only, no q...",AU,"ERROR: 429 RESOURCEEXHAUSTED. {'error': {'code': 429, 'message': 'You exceeded your current quota, please check your plan and billing details. For more information on this error, head to: https://ai.google.dev/gemini-api/docs/rate-limits. To monitor your current usage, head to: https://ai.dev/rate-l...",5.3/10 (53%)
4,BASIC_04,Data Understanding,How many unique dealers are listed in the dealer_claims dataset? [Answer: provid...,50,"ERROR: 429 RESOURCEEXHAUSTED. {'error': {'code': 429, 'message': 'You exceeded your current quota, please check your plan and billing details. For more information on this error, head to: https://ai.google.dev/gemini-api/docs/rate-limits. To monitor your current usage, head to: https://ai.dev/rate-l...",2.8/10 (28%)
5,BASIC_05,Data Understanding,"How many warranty claims are in the dataset? [Answer: provide the count only, no...",1128,"ERROR: 429 RESOURCEEXHAUSTED. {'error': {'code': 429, 'message': 'You exceeded your current quota, please check your plan and billing details. For more information on this error, head to: https://ai.google.dev/gemini-api/docs/rate-limits. To monitor your current usage, head to: https://ai.dev/rate-l...",2.8/10 (28%)
6,CLEAN_01,Data Cleaning,Identify two data quality issues in the warranty_claims dataset.,"['missing mileage value', 'negative repair cost']","ERROR: 429 RESOURCEEXHAUSTED. {'error': {'code': 429, 'message': 'You exceeded your current quota, please check your plan and billing details. For more information on this error, head to: https://ai.google.dev/gemini-api/docs/rate-limits. To monitor your current usage, head to: https://ai.dev/rate-l...",8.0/15 (53%)
7,CLEAN_02,Data Cleaning,Which model appears to have the most data quality issues?,Focus,"ERROR: 429 RESOURCEEXHAUSTED. {'error': {'code': 429, 'message': 'You exceeded your current quota, please check your plan and billing details. For more information on this error, head to: https://ai.google.dev/gemini-api/docs/rate-limits. To monitor your current usage, head to: https://ai.dev/rate-l...",4.3/15 (29%)
8,CLEAN_03,Data Cleaning,Are there any obvious data inconsistencies in the sales_data? Explain.,No obvious inconsistencies; all values appear valid and consistent.,"ERROR: 429 RESOURCEEXHAUSTED. {'error': {'code': 429, 'message': 'You exceeded your current quota, please check your plan and billing details. For more information on this error, head to: https://ai.google.dev/gemini-api/docs/rate-limits. To monitor your current usage, head to: https://ai.dev/rate-l...",8.3/15 (55%)
9,CLEAN_04,Data Cleaning,How would you handle the missing mileage value in claim_id 3?,"claim_id 3 has a mileage value (90680), so no handling is needed; this is not a missing value issue.","ERROR: 429 RESOURCEEXHAUSTED. {'error': {'code': 429, 'message': 'You exceeded your current quota, please check your plan and billing details. For more information on this error, head to: https://ai.google.dev/gemini-api/docs/rate-limits. To monitor your current usage, head to: https://ai.dev/rate-l...",8.4/15 (56%)
10,EDA_01,Exploratory Data Analysis,Which dealer has the highest number of warranty claims? [Answer: dealer name(s) ...,D4 and D3 (tied with 32 claims each); D4 or D3,"ERROR: 429 RESOURCEEXHAUSTED. {'error': {'code': 429, 'message': 'You exceeded your current quota, please check your plan and billing details. For more information on this error, head to: https://ai.google.dev/gemini-api/docs/rate-limits. To monitor your current usage, head to: https://ai.dev/rate-l...",8.1/15 (54%)
11,EDA_02,Exploratory Data Analysis,Identify any anomalies in the vehicle_telemetry data and suggest possible causes...,Engine temperature spike at time 4 (140 degrees); possible engine overheating or sensor malfunction.,"ERROR: 429 RESOURCEEXHAUSTED. {'error': {'code': 429, 'message': 'You exceeded your current quota, please check your plan and billing details. For more information on this error, head to: https://ai.google.dev/gemini-api/docs/rate-limits. To monitor your current usage, head to: https://ai.dev/rate-l...",8.3/15 (55%)
12,EDA_03,Exploratory Data Analysis,"Which model appears most frequently in warranty claims, and what might this indi...",F150; may indicate quality issues or higher failure rate in this model.,"ERROR: 429 RESOURCEEXHAUSTED. {'error': {'code': 429, 'message': 'You exceeded your current quota, please check your plan and billing details. For more information on this error, head to: https://ai.google.dev/gemini-api/docs/rate-limits. To monitor your current usage, head to: https://ai.dev/rate-l...",8.3/15 (56%)
13,EDA_04,Exploratory Data Analysis,Compare regional sales distribution. Which region is strongest for Ford overall?,AU region has the highest total sales across all models.,"ERROR: 429 RESOURCEEXHAUSTED. {'error': {'code': 429, 'message': 'You exceeded your current quota, please check your plan and billing details. For more information on this error, head to: https://ai.google.dev/gemini-api/docs/rate-limits. To monitor your current usage, head to: https://ai.dev/rate-l...",8.3/15 (56%)
14,EDA_05,Exploratory Data Analysis,Rank vehicle models by total sales across all regions. [Answer: provide ranked l...,"1. Fiesta (2,463,163 units), 2. Focus (2,188,894 units), 3. Mustang (2,179,611 units), 4. Bronco (2,114,373 units), 5. EdgeSUV (2,059,935 units), 6. F150 (2,034,281 units), 7. Explorer (1,986,669 units), 8. Escape (1,974,914 units), 9. Ranger (1,886,505 units), 10. Fusion (1,855,900 units)","ERROR: 429 RESOURCEEXHAUSTED. {'error': {'code': 429, 'message': 'You exceeded your current quota, please check your plan and billing details. For more information on this error, head to: https://ai.google.dev/gemini-api/docs/rate-limits. To monitor your current usage, head to: https://ai.dev/rate-l...",8.0/15 (54%)
15,STAT_01,Statistical Analysis,What is the average repair cost across all warranty claims (excluding invalid en...,529.27,"ERROR: 429 RESOURCEEXHAUSTED. {'error': {'code': 429, 'message': 'You exceeded your current quota, please check your plan and billing details. For more information on this error, head to: https://ai.google.dev/gemini-api/docs/rate-limits. To monitor your current usage, head to: https://ai.dev/rate-l...",5.6/20 (28%)
16,STAT_02,Statistical Analysis,What is the median repair cost? How does it compare to the mean? [Answer: provid...,"Median is 540.00, which is slightly higher than the mean (529.27), indicating a right-skewed distribution with outliers on the high end.","ERROR: 429 RESOURCEEXHAUSTED. {'error': {'code': 429, 'message': 'You exceeded your current quota, please check your plan and billing details. For more information on this error, head to: https://ai.google.dev/gemini-api/docs/rate-limits. To monitor your current usage, head to: https://ai.dev/rate-l...",11.0/20 (55%)
17,STAT_03,Statistical Analysis,"What is the coefficient of variation in US sales across all models, and what doe...",Moderate variation at approximately 21%; indicates some differentiation in market demand across models but relatively consistent overall.,"ERROR: 429 RESOURCEEXHAUSTED. {'error': {'code': 429, 'message': 'You exceeded your current quota, please check your plan and billing details. For more information on this error, head to: https://ai.google.dev/gemini-api/docs/rate-limits. To monitor your current usage, head to: https://ai.dev/rate-l...",11.5/20 (57%)
18,STAT_04,Statistical Analysis,Is D14's warranty claims rate statistically unusual? Explain your reasoning.,"No; D14 has 11 claims, which is below the mean (22.56) and within normal variation (z-score: -2.43). Not a statistical outlier.","ERROR: 429 RESOURCEEXHAUSTED. {'error': {'code': 429, 'message': 'You exceeded your current quota, please check your plan and billing details. For more information on this error, head to: https://ai.google.dev/gemini-api/docs/rate-limits. To monitor your current usage, head to: https://ai.dev/rate-l...",11.4/20 (57%)
19,SQL_01,SQL & Query Logic,Write an SQL query to find total sales units per region.,"SELECT region, SUM(units_sold) FROM sales GROUP BY region;","ERROR: 429 RESOURCEEXHAUSTED. {'error': {'code': 429, 'message': 'You exceeded your current quota, please check your plan and billing details. For more information on this error, head to: https://ai.google.dev/gemini-api/docs/rate-limits. To monitor your current usage, head to: https://ai.dev/rate-l...",5.8/20 (29%)
20,SQL_02,SQL & Query Logic,Write an SQL query to find the average units sold per model across all regions.,"SELECT model, AVG(units_sold) FROM sales GROUP BY model;","ERROR: 429 RESOURCEEXHAUSTED. {'error': {'code': 429, 'message': 'You exceeded your current quota, please check your plan and billing details. For more information on this error, head to: https://ai.google.dev/gemini-api/docs/rate-limits. To monitor your current usage, head to: https://ai.dev/rate-l...",5.8/20 (29%)
21,SQL_03,SQL & Query Logic,Write an SQL query to find the model with the highest average repair cost.,"SELECT model, AVG(repair_cost) FROM warranties WHERE repair_cost > 0 GROUP BY model ORDER BY AVG(repair_cost) DESC LIMIT 1;","ERROR: 429 RESOURCEEXHAUSTED. {'error': {'code': 429, 'message': 'You exceeded your current quota, please check your plan and billing details. For more information on this error, head to: https://ai.google.dev/gemini-api/docs/rate-limits. To monitor your current usage, head to: https://ai.dev/rate-l...",4.6/20 (23%)
22,SQL_04,SQL & Query Logic,"Write an SQL query to find all sales records where units_sold exceed 100,000.",SELECT * FROM sales WHERE units_sold > 100000;,"ERROR: 429 RESOURCEEXHAUSTED. {'error': {'code': 429, 'message': 'You exceeded your current quota, please check your plan and billing details. For more information on this error, head to: https://ai.google.dev/gemini-api/docs/rate-limits. To monitor your current usage, head to: https://ai.dev/rate-l...",6.7/20 (34%)
23,BIZ_01,Business Insight,"Based on regional sales data, what strategic recommendations would you make for ...",Increase EV production/marketing in EU (stronger demand); maintain F150 dominance in US; explore growth strategies in Asia.,"ERROR: 429 RESOURCEEXHAUSTED. {'error': {'code': 429, 'message': 'You exceeded your current quota, please check your plan and billing details. For more information on this error, head to: https://ai.google.dev/gemini-api/docs/rate-limits. To monitor your current usage, head to: https://ai.dev/rate-l...",11.2/20 (56%)
24,BIZ_02,Business Insight,Which model requires immediate quality investigation and why?,"Escape; appears in 5 of 10 claims, suggesting quality or design issues requiring investigation.","ERROR: 429 RESOURCEEXHAUSTED. {'error': {'code': 429, 'message': 'You exceeded your current quota, please check your plan and billing details. For more information on this error, head to: https://ai.google.dev/gemini-api/docs/rate-limits. To monitor your current usage, head to: https://ai.dev/rate-l...",11.0/20 (55%)
25,BIZ_03,Business Insight,Dealer D14 has 110 monthly claims vs. average 26. What action should Ford take?,Investigate D14 for operational/quality issues; provide support or retraining; audit dealer practices.,"ERROR: 429 RESOURCEEXHAUSTED. {'error': {'code': 429, 'message': 'You exceeded your current quota, please check your plan and billing details. For more information on this error, head to: https://ai.google.dev/gemini-api/docs/rate-limits. To monitor your current usage, head to: https://ai.dev/rate-l...",11.2/20 (56%)
26,BIZ_04,Business Insight,The engine temperature spike in the telemetry data could impact warranty costs. ...,Risk of engine failure; increased warranty claims; potential recall costs; impact on brand reputation.,"ERROR: 429 RESOURCEEXHAUSTED. {'error': {'code': 429, 'message': 'You exceeded your current quota, please check your plan and billing details. For more information on this error, head to: https://ai.google.dev/gemini-api/docs/rate-limits. To monitor your current usage, head to: https://ai.dev/rate-l...",10.9/20 (55%)
27,INST_01,Instruction Following,"First, analyze sales data to find the top model. Then, provide warranty claim di...","Fiesta is the top-selling model (2,463,163 units). Warranty claims for Fiesta: 18 total, avg repair cost $512.50, failures: P0401 (12) and P0301 (6).","ERROR: 429 RESOURCEEXHAUSTED. {'error': {'code': 429, 'message': 'You exceeded your current quota, please check your plan and billing details. For more information on this error, head to: https://ai.google.dev/gemini-api/docs/rate-limits. To monitor your current usage, head to: https://ai.dev/rate-l...",7.7/20 (39%)
28,INST_02,Instruction Following,Calculate average mileage for warranty claims in US region ONLY. Do not include ...,"US-only average mileage: 67,832 km. Trend: Peak Q3-Q4 (45-55 claims/month), lowest Q2 (15-20 claims/month).","ERROR: 429 RESOURCEEXHAUSTED. {'error': {'code': 429, 'message': 'You exceeded your current quota, please check your plan and billing details. For more information on this error, head to: https://ai.google.dev/gemini-api/docs/rate-limits. To monitor your current usage, head to: https://ai.dev/rate-l...",9.2/25 (37%)
29,INST_03,Instruction Following,Start with dealer claims data. Sort dealers by claims per month. THEN and ONLY T...,"EU dealers with >25 monthly claims: D16 (28), D17 (27), D18 (26).","ERROR: 429 RESOURCEEXHAUSTED. {'error': {'code': 429, 'message': 'You exceeded your current quota, please check your plan and billing details. For more information on this error, head to: https://ai.google.dev/gemini-api/docs/rate-limits. To monitor your current usage, head to: https://ai.dev/rate-l...",9.2/25 (37%)
30,INST_04,Instruction Following,"Review vehicle telemetry. Identify anomalies. FIRST report the anomalies found, ...","Anomalies: (1) Non-monotonic mileage (backwards jumps), (2) Temp spike 140°C at t=4, (3) Erratic pressure. Causes: (1) Odometer fault, (2) Engine overheat, (3) Sensor malfunction. Actions: (1) Replace sensor, (2) Service cooling, (3) Replace sensors.","ERROR: 429 RESOURCEEXHAUSTED. {'error': {'code': 429, 'message': 'You exceeded your current quota, please check your plan and billing details. For more information on this error, head to: https://ai.google.dev/gemini-api/docs/rate-limits. To monitor your current usage, head to: https://ai.dev/rate-l...",10.7/30 (36%)
31,INST_05,Instruction Following,Generate business insights in this exact order: 1) Data observation 2) Market im...,"1) EU 35% higher sales than Asia, prefers Mustang/Bronco. 2) Implication: Premium preference in EU, budget potential in Asia. 3) Risk: Market saturation EU, competitors gaining Asia. 4) Recommend: Expand budget in Asia, consolidate premium in EU for margin optimization.","ERROR: 429 RESOURCEEXHAUSTED. {'error': {'code': 429, 'message': 'You exceeded your current quota, please check your plan and billing details. For more information on this error, head to: https://ai.google.dev/gemini-api/docs/rate-limits. To monitor your current usage, head to: https://ai.dev/rate-l...",11.0/35 (31%)
32,DF_01,Dataform Development,"Write a simple Dataform SQL file that creates a table from sales_data, adding a ...","config { type: 'table' } SELECT model, region, units_sold, year, revenue_millions, CASE WHEN model='F150' THEN units_sold*35000 WHEN model='Escape' THEN units_sold*18000 WHEN model='Bronco' THEN units_sold*25000 WHEN model='Mustang' THEN units_sold*30000 ELSE NULL END AS calc_revenue","ERROR: 429 RESOURCEEXHAUSTED. {'error': {'code': 429, 'message': 'You exceeded your current quota, please check your plan and billing details. For more information on this error, head to: https://ai.google.dev/gemini-api/docs/rate-limits. To monitor your current usage, head to: https://ai.dev/rate-l...",8.4/25 (34%)
33,DF_02,Dataform Development,Create a Dataform materialized table that aggregates sales by region. Should inc...,"config { type: 'materialized_view' } SELECT region, SUM(units_sold) AS total_units, SUM(units_sold)/COUNT(DISTINCT model) AS avg_per_model FROM sales GROUP BY region","ERROR: 429 RESOURCEEXHAUSTED. {'error': {'code': 429, 'message': 'You exceeded your current quota, please check your plan and billing details. For more information on this error, head to: https://ai.google.dev/gemini-api/docs/rate-limits. To monitor your current usage, head to: https://ai.dev/rate-l...",11.0/25 (44%)
34,DF_03,Dataform Development,Write Dataform SQL with dependencies. First table: clean warranty claims (exclud...,"clean_warranty.sqlx: config{type:'table'} SELECT * FROM warranty WHERE repair_cost>0. summary.sqlx: config{dependencies:['clean_warranty']} SELECT model, COUNT(*), AVG(repair_cost) FROM ref('clean_warranty') GROUP BY model","ERROR: 429 RESOURCEEXHAUSTED. {'error': {'code': 429, 'message': 'You exceeded your current quota, please check your plan and billing details. For more information on this error, head to: https://ai.google.dev/gemini-api/docs/rate-limits. To monitor your current usage, head to: https://ai.dev/rate-l...",11.9/30 (40%)
35,DF_04,Dataform Development,Create a Dataform incremental table for warranty claims that only processes new ...,"config{type:'incremental',pre_operations:['BEGIN'],post_operations:['SELECT COUNT(*) FROM warranty WHERE date>=TODAY()-1']} SELECT * FROM warranty WHERE date>=TODAY()-1","ERROR: 429 RESOURCEEXHAUSTED. {'error': {'code': 429, 'message': 'You exceeded your current quota, please check your plan and billing details. For more information on this error, head to: https://ai.google.dev/gemini-api/docs/rate-limits. To monitor your current usage, head to: https://ai.dev/rate-l...",11.9/30 (40%)
36,DF_05,Dataform Development,"Build a complete Dataform project with 3 tables: 1) Raw sales staging, 2) Cleane...","3-table project: staging (type cast), clean_warranty (filter repair_cost>0), summary (agg with proper refs and dependencies).","ERROR: 429 RESOURCEEXHAUSTED. {'error': {'code': 429, 'message': 'You exceeded your current quota, please check your plan and billing details. For more information on this error, head to: https://ai.google.dev/gemini-api/docs/rate-limits. To monitor your current usage, head to: https://ai.dev/rate-l...",12.3/35 (35%)
37,SQLD_01,SQL Dialect Specificity,Write a BigQuery-specific query to calculate the average repair_cost. Use BigQue...,SELECT AVG(repair_cost) AS avg_repair_cost FROM `project.dataset.warranty_claims` WHERE repair_cost > 0,"ERROR: 429 RESOURCEEXHAUSTED. {'error': {'code': 429, 'message': 'You exceeded your current quota, please check your plan and billing details. For more information on this error, head to: https://ai.google.dev/gemini-api/docs/rate-limits. To monitor your current usage, head to: https://ai.dev/rate-l...",8.8/20 (44%)
38,SQLD_02,SQL Dialect Specificity,Rewrite as MySQL: Get total sales per region and per model. MySQL uses different...,"SELECT region, model, SUM(units_sold) AS total_sales FROM sales GROUP BY region, model WITH ROLLUP;","ERROR: 429 RESOURCEEXHAUSTED. {'error': {'code': 429, 'message': 'You exceeded your current quota, please check your plan and billing details. For more information on this error, head to: https://ai.google.dev/gemini-api/docs/rate-limits. To monitor your current usage, head to: https://ai.dev/rate-l...",10.6/20 (53%)
39,SQLD_03,SQL Dialect Specificity,"In Dataform/BigQuery, you CANNOT use ANY_VALUE in aggregations. Rewrite this que...","SELECT model, ARRAY_AGG(repair_cost ORDER BY repair_cost LIMIT 1)[0] FROM warranty_claims GROUP BY model","ERROR: 429 RESOURCEEXHAUSTED. {'error': {'code': 429, 'message': 'You exceeded your current quota, please check your plan and billing details. For more information on this error, head to: https://ai.google.dev/gemini-api/docs/rate-limits. To monitor your current usage, head to: https://ai.dev/rate-l...",13.2/25 (53%)
40,SQLD_04,SQL Dialect Specificity,Write a PostgreSQL-specific recursive query. Do not use BigQuery window function...,"WITH RECURSIVE dealer_hierarchy AS (SELECT id, region, NULL AS parent, 1 AS level FROM dealers WHERE parent IS NULL UNION ALL SELECT d.id, d.region, d.parent, h.level+1 FROM dealers d JOIN dealer_hierarchy h ON d.parent=h.id) SELECT * FROM dealer_hierarchy ORDER BY region, level;","ERROR: 429 RESOURCEEXHAUSTED. {'error': {'code': 429, 'message': 'You exceeded your current quota, please check your plan and billing details. For more information on this error, head to: https://ai.google.dev/gemini-api/docs/rate-limits. To monitor your current usage, head to: https://ai.dev/rate-l...",13.2/25 (53%)
41,SQLD_05,SQL Dialect Specificity,Given: You're in Dataform/BigQuery. Rewrite this MySQL query to work with Datafo...,"SELECT model, COUNT(DISTINCT dealer) FROM `project.dataset.sales` WHERE region='US' GROUP BY model;","ERROR: 429 RESOURCEEXHAUSTED. {'error': {'code': 429, 'message': 'You exceeded your current quota, please check your plan and billing details. For more information on this error, head to: https://ai.google.dev/gemini-api/docs/rate-limits. To monitor your current usage, head to: https://ai.dev/rate-l...",15.9/30 (53%)
42,SQLC_01,Complex SQL,Write a query using a CTE (Common Table Expression) to: 1) Filter warranty claim...,"Required: WITH, CTE, RANK() OVER","ERROR: 429 RESOURCEEXHAUSTED. {'error': {'code': 429, 'message': 'You exceeded your current quota, please check your plan and billing details. For more information on this error, head to: https://ai.google.dev/gemini-api/docs/rate-limits. To monitor your current usage, head to: https://ai.dev/rate-l...",20.9/30 (70%)
43,SQLC_02,Complex SQL,Write a query with nested subqueries: Find regions where average sales per model...,"Required: subqueries, GROUP BY, HAVING","ERROR: 429 RESOURCEEXHAUSTED. {'error': {'code': 429, 'message': 'You exceeded your current quota, please check your plan and billing details. For more information on this error, head to: https://ai.google.dev/gemini-api/docs/rate-limits. To monitor your current usage, head to: https://ai.dev/rate-l...",20.9/30 (70%)
44,SQLC_03,Complex SQL,"Build a multi-level CTE query: 1) CTE1: Clean warranty data, 2) CTE2: Aggregate ...","Required: MULTIPLE CTEs, PERCENTILE_CONT, JOIN","ERROR: 429 RESOURCEEXHAUSTED. {'error': {'code': 429, 'message': 'You exceeded your current quota, please check your plan and billing details. For more information on this error, head to: https://ai.google.dev/gemini-api/docs/rate-limits. To monitor your current usage, head to: https://ai.dev/rate-l...",24.4/35 (70%)
45,SQLC_04,Complex SQL,Write a recursive CTE that builds a time-series anomaly detection. Start with te...,"Required: RECURSIVE CTE, window functions, standard deviation","ERROR: 429 RESOURCEEXHAUSTED. {'error': {'code': 429, 'message': 'You exceeded your current quota, please check your plan and billing details. For more information on this error, head to: https://ai.google.dev/gemini-api/docs/rate-limits. To monitor your current usage, head to: https://ai.dev/rate-l...",27.9/40 (70%)
46,SQLC_05,Complex SQL,"Advanced: Combine multiple CTEs (5+) with window functions, JSON operations, and...","Required: 5+ CTEs, WINDOW functions, LAG/LEAD, complex JOINs","ERROR: 429 RESOURCEEXHAUSTED. {'error': {'code': 429, 'message': 'You exceeded your current quota, please check your plan and billing details. For more information on this error, head to: https://ai.google.dev/gemini-api/docs/rate-limits. To monitor your current usage, head to: https://ai.dev/rate-l...",29.0/45 (64%)
47,PEFF_01,Prompt Efficiency,With one sentence: 'Find the top-selling model.' Does the AI provide the correct...,"Optimized: explicit format upfront, single example, constraints listed, bullets not prose. Result: 30-40% token reduction maintaining quality.","ERROR: 429 RESOURCEEXHAUSTED. {'error': {'code': 429, 'message': 'You exceeded your current quota, please check your plan and billing details. For more information on this error, head to: https://ai.google.dev/gemini-api/docs/rate-limits. To monitor your current usage, head to: https://ai.dev/rate-l...",8.7/15 (58%)
48,PEFF_02,Prompt Efficiency,"Brief prompt: 'Warranty issues.' Without further context, can the AI identify th...","Chain-of-thought: +25% accuracy, +15% tokens. Few-shot: +40% accuracy, +20% tokens. Use few-shot for facts, CoT for reasoning.","ERROR: 429 RESOURCEEXHAUSTED. {'error': {'code': 429, 'message': 'You exceeded your current quota, please check your plan and billing details. For more information on this error, head to: https://ai.google.dev/gemini-api/docs/rate-limits. To monitor your current usage, head to: https://ai.dev/rate-l...",8.3/15 (55%)
49,PEFF_03,Prompt Efficiency,One-liner: 'Strategic insight on regional performance.' Provide a complete busin...,"Required: region comparison, strategic recommendation, business context","ERROR: 429 RESOURCEEXHAUSTED. {'error': {'code': 429, 'message': 'You exceeded your current quota, please check your plan and billing details. For more information on this error, head to: https://ai.google.dev/gemini-api/docs/rate-limits. To monitor your current usage, head to: https://ai.dev/rate-l...",12.5/20 (62%)
50,PEFF_04,Prompt Efficiency,Vague prompt: 'Anomalies?' Can the AI identify what you mean and provide results...,"Required: acknowledges ambiguity, requests clarification, provides relevant examples","ERROR: 429 RESOURCEEXHAUSTED. {'error': {'code': 429, 'message': 'You exceeded your current quota, please check your plan and billing details. For more information on this error, head to: https://ai.google.dev/gemini-api/docs/rate-limits. To monitor your current usage, head to: https://ai.dev/rate-l...",12.5/20 (62%)
51,PEFF_05,Prompt Efficiency,"Ultra-minimal: 'Query it.' Can the AI figure out you want a SQL query, identify ...","Required: SQL query syntax, FROM clause, SELECT statement","ERROR: 429 RESOURCEEXHAUSTED. {'error': {'code': 429, 'message': 'You exceeded your current quota, please check your plan and billing details. For more information on this error, head to: https://ai.google.dev/gemini-api/docs/rate-limits. To monitor your current usage, head to: https://ai.dev/rate-l...",15.7/25 (63%)
52,DOCREAD_01,Document Reading & Extraction,Read the specification document. Extract the warranty policy for the F150 model.,"Warranty valid 24 months or 30,000 miles. Covers manufacturing defects, excluded: wear/tear, misuse, accidents, maintenance. Proof: registration, service records, purchase documentation. Claim: within 30 days of defect discovery.","ERROR: 429 RESOURCEEXHAUSTED. {'error': {'code': 429, 'message': 'You exceeded your current quota, please check your plan and billing details. For more information on this error, head to: https://ai.google.dev/gemini-api/docs/rate-limits. To monitor your current usage, head to: https://ai.dev/rate-l...",8.0/20 (40%)
53,DOCREAD_02,Document Reading & Extraction,From the business requirements doc: What is the primary objective of the quality...,"5 vehicles mentioned: F-150 (pickup, commercial), Escape (SUV, family), Fiesta (sedan, affordable), Mustang (sports, premium), Bronco (SUV, adventure). Each has distinct positioning.","ERROR: 429 RESOURCEEXHAUSTED. {'error': {'code': 429, 'message': 'You exceeded your current quota, please check your plan and billing details. For more information on this error, head to: https://ai.google.dev/gemini-api/docs/rate-limits. To monitor your current usage, head to: https://ai.dev/rate-l...",11.3/20 (57%)
54,DOCREAD_03,Document Reading & Extraction,"Extract all SQL requirements, database specifications, and naming conventions fr...","Recommendation: implement predictive maintenance before 20,000 miles based on telemetry patterns. Expected benefit: 35-40% reduction in warranty claims.","ERROR: 429 RESOURCEEXHAUSTED. {'error': {'code': 429, 'message': 'You exceeded your current quota, please check your plan and billing details. For more information on this error, head to: https://ai.google.dev/gemini-api/docs/rate-limits. To monitor your current usage, head to: https://ai.dev/rate-l...",10.8/25 (43%)
55,DOCREAD_04,Document Reading & Extraction,"From the data dictionary, find: What does 'repair_cost' field represent? What ar...","3 regions: US (high volume, budget focus), EU (medium, premium preference), Asia (emerging, growth potential). Strategy: EU consolidate premium, Asia expand value.","ERROR: 429 RESOURCEEXHAUSTED. {'error': {'code': 429, 'message': 'You exceeded your current quota, please check your plan and billing details. For more information on this error, head to: https://ai.google.dev/gemini-api/docs/rate-limits. To monitor your current usage, head to: https://ai.dev/rate-l...",10.3/25 (41%)
56,DOCREAD_05,Document Reading & Extraction,Synthesize information from requirements doc: What are the 5 key analytical ques...,"Data security: all dealer data encrypted, backup daily, retention 7 years. Privacy: compliant GDPR/CCPA, customer consent required, audit trail maintained.","ERROR: 429 RESOURCEEXHAUSTED. {'error': {'code': 429, 'message': 'You exceeded your current quota, please check your plan and billing details. For more information on this error, head to: https://ai.google.dev/gemini-api/docs/rate-limits. To monitor your current usage, head to: https://ai.dev/rate-l...",16.9/30 (56%)
57,WEB_01,Website Development,Create a simple HTML page displaying sales data in a table. Include CSS styling ...,"Required: HTML table, CSS styling, header, responsive layout","ERROR: 429 RESOURCEEXHAUSTED. {'error': {'code': 429, 'message': 'You exceeded your current quota, please check your plan and billing details. For more information on this error, head to: https://ai.google.dev/gemini-api/docs/rate-limits. To monitor your current usage, head to: https://ai.dev/rate-l...",12.9/20 (64%)
58,WEB_02,Website Development,Write JavaScript code to filter a table by region. Users should be able to selec...,"Required: JavaScript function, DOM manipulation, event listener","ERROR: 429 RESOURCEEXHAUSTED. {'error': {'code': 429, 'message': 'You exceeded your current quota, please check your plan and billing details. For more information on this error, head to: https://ai.google.dev/gemini-api/docs/rate-limits. To monitor your current usage, head to: https://ai.dev/rate-l...",13.9/20 (70%)
59,WEB_03,Website Development,Build a React component that displays warranty claims data with sorting and filt...,"Required: React component, useState, event handlers, data mapping","ERROR: 429 RESOURCEEXHAUSTED. {'error': {'code': 429, 'message': 'You exceeded your current quota, please check your plan and billing details. For more information on this error, head to: https://ai.google.dev/gemini-api/docs/rate-limits. To monitor your current usage, head to: https://ai.dev/rate-l...",16.1/25 (64%)
60,WEB_04,Website Development,Create a dashboard layout with multiple data visualization sections (sales trend...,"Required: layout structure, charts/graphs, interactivity","ERROR: 429 RESOURCEEXHAUSTED. {'error': {'code': 429, 'message': 'You exceeded your current quota, please check your plan and billing details. For more information on this error, head to: https://ai.google.dev/gemini-api/docs/rate-limits. To monitor your current usage, head to: https://ai.dev/rate-l...",17.4/25 (70%)
61,WEB_05,Website Development,Build a full-stack mini dashboard: Backend API endpoint (Node.js/Python) that se...,"Required: API endpoint, Frontend component, data fetching, error handling","ERROR: 429 RESOURCEEXHAUSTED. {'error': {'code': 429, 'message': 'You exceeded your current quota, please check your plan and billing details. For more information on this error, head to: https://ai.google.dev/gemini-api/docs/rate-limits. To monitor your current usage, head to: https://ai.dev/rate-l...",19.4/30 (64%)
62,PIPE_01,Pipeline Development,Design a data pipeline: CSV â†’ cleaning â†’ aggregation â†’ output. Write pseud...,"DAG: Raw data → Validate → Clean → Transform → Aggregate → Load. Each stage with error handling, logging, retry logic. Schedule: hourly for real-time, daily for batch. Monitoring: row counts, null %, schema drift.","ERROR: 429 RESOURCEEXHAUSTED. {'error': {'code': 429, 'message': 'You exceeded your current quota, please check your plan and billing details. For more information on this error, head to: https://ai.google.dev/gemini-api/docs/rate-limits. To monitor your current usage, head to: https://ai.dev/rate-l...",7.9/20 (40%)
63,PIPE_02,Pipeline Development,"Write Python code to load a CSV, clean missing values, and export to a new CSV. ...","Data quality checks: (1) Row count variance >20%, (2) Null % increase, (3) Value range outliers, (4) Duplicate key detection. On failure: alert + hold, on pass: continue.","ERROR: 429 RESOURCEEXHAUSTED. {'error': {'code': 429, 'message': 'You exceeded your current quota, please check your plan and billing details. For more information on this error, head to: https://ai.google.dev/gemini-api/docs/rate-limits. To monitor your current usage, head to: https://ai.dev/rate-l...",7.9/20 (40%)
64,PIPE_03,Pipeline Development,Create a data validation pipeline: Load warranty claims â†’ validate repair_cost...,"Incremental strategy: daily partition by claim_date, track last_run timestamp. Load: merge into final table, update modified records, archive deleted ones. Idempotent: safe re-run.","ERROR: 429 RESOURCEEXHAUSTED. {'error': {'code': 429, 'message': 'You exceeded your current quota, please check your plan and billing details. For more information on this error, head to: https://ai.google.dev/gemini-api/docs/rate-limits. To monitor your current usage, head to: https://ai.dev/rate-l...",N/A
65,PIPE_04,Pipeline Development,"Build a multi-source ETL pipeline: Load sales + warranty data, join on model, ge...","Tools: Python + Airflow/Prefect for orchestration, Pandas/Spark for transform, BigQuery/Snowflake for warehouse. Source connector: Salesforce, internal APIs, CSV uploads with versioning.","ERROR: 429 RESOURCEEXHAUSTED. {'error': {'code': 429, 'message': 'You exceeded your current quota, please check your plan and billing details. For more information on this error, head to: https://ai.google.dev/gemini-api/docs/rate-limits. To monitor your current usage, head to: https://ai.dev/rate-l...",8.8/25 (35%)
66,PIPE_05,Pipeline Development,Design an production-ready data pipeline with Airflow DAG structure: Data ingest...,"Error handling: dead-letter queue for bad records (schema mismatch, invalid values), manual review, correction, replay. Logging: start/end/duration, row counts, error details. SLA: 99% uptime, <1 hour latency.","ERROR: 429 RESOURCEEXHAUSTED. {'error': {'code': 429, 'message': 'You exceeded your current quota, please check your plan and billing details. For more information on this error, head to: https://ai.google.dev/gemini-api/docs/rate-limits. To monitor your current usage, head to: https://ai.dev/rate-l...",10.5/30 (35%)
67,ARCH_01,Architecture & Design,Sketch a simple data architecture: Data source â†’ Storage â†’ Processing â†’ An...,"Components: API Layer (REST), Business Logic (service layer), Data Layer (DAL), Database (warehouse). Flow: Request → Schema Validation → Auth → Business Logic → Query → Response. Separation enables testing, scaling, maintenance.","ERROR: 429 RESOURCEEXHAUSTED. {'error': {'code': 429, 'message': 'You exceeded your current quota, please check your plan and billing details. For more information on this error, head to: https://ai.google.dev/gemini-api/docs/rate-limits. To monitor your current usage, head to: https://ai.dev/rate-l...",8.1/20 (40%)
68,ARCH_02,Architecture & Design,"Design a scalable data warehouse for Ford sales data. Consider: volume, variety,...","Scalability: Stateless API servers (horizontal), Connection pooling, Read replicas for queries, Cache layer (Redis) for frequent lookups, Async jobs for heavy processing.","ERROR: 429 RESOURCEEXHAUSTED. {'error': {'code': 429, 'message': 'You exceeded your current quota, please check your plan and billing details. For more information on this error, head to: https://ai.google.dev/gemini-api/docs/rate-limits. To monitor your current usage, head to: https://ai.dev/rate-l...",10.8/25 (43%)
69,ARCH_03,Architecture & Design,Design real-time monitoring pipeline: Streaming telemetry â†’ Anomaly detection ...,"Data flow: Ingest (APIs, files) → Stream (message queue) → Process (rules, enrichment) → Store (hot/cold data) → Consume (analytics, applications). Patterns: event-driven, lambda (batch + stream), kappa (stream only).","ERROR: 429 RESOURCEEXHAUSTED. {'error': {'code': 429, 'message': 'You exceeded your current quota, please check your plan and billing details. For more information on this error, head to: https://ai.google.dev/gemini-api/docs/rate-limits. To monitor your current usage, head to: https://ai.dev/rate-l...",N/A
70,ARCH_04,Architecture & Design,"Design an enterprise data ecosystem: Multiple sources, data lake, data warehouse...","Dependencies: (1) External APIs (Salesforce), (2) File uploads, (3) Message queue, (4) Databases, (5) Cache. Resilience: timeouts, retries, circuit breakers, fallback values, health checks.","ERROR: 429 RESOURCEEXHAUSTED. {'error': {'code': 429, 'message': 'You exceeded your current quota, please check your plan and billing details. For more information on this error, head to: https://ai.google.dev/gemini-api/docs/rate-limits. To monitor your current usage, head to: https://ai.dev/rate-l...",12.5/30 (42%)
71,DEBUG_01,Debugging & Troubleshooting,Here's a broken SQL query: 'SELECT model FROM sales WHERE units_sold > 100000 GR...,"Steps: (1) Reproduce with minimal data, (2) Check logs (timestamps, error codes, stack trace), (3) Compare inputs vs expected outputs, (4) Check external dependencies, (5) Binary search code sections.","ERROR: 429 RESOURCEEXHAUSTED. {'error': {'code': 429, 'message': 'You exceeded your current quota, please check your plan and billing details. For more information on this error, head to: https://ai.google.dev/gemini-api/docs/rate-limits. To monitor your current usage, head to: https://ai.dev/rate-l...",10.7/20 (53%)
72,DEBUG_02,Debugging & Troubleshooting,Python code returns wrong results: df[df['repair_cost'] > 200] returns negative ...,"Tools: IDE debugger (breakpoints, watch variables), print debugging, logging levels (DEBUG/INFO/ERROR), profilers (CPU/memory), database query logs. For performance: measure function duration, identify bottlenecks.","ERROR: 429 RESOURCEEXHAUSTED. {'error': {'code': 429, 'message': 'You exceeded your current quota, please check your plan and billing details. For more information on this error, head to: https://ai.google.dev/gemini-api/docs/rate-limits. To monitor your current usage, head to: https://ai.dev/rate-l...",10.8/20 (54%)
73,DEBUG_03,Debugging & Troubleshooting,ETL pipeline hangs on large dataset. Original code works fine on small data. Ide...,"Bug patterns: Off-by-one in loops, null pointer on empty data, type conversion errors, date arithmetic bugs, incorrect aggregation grouping, race conditions in async code.","ERROR: 429 RESOURCEEXHAUSTED. {'error': {'code': 429, 'message': 'You exceeded your current quota, please check your plan and billing details. For more information on this error, head to: https://ai.google.dev/gemini-api/docs/rate-limits. To monitor your current usage, head to: https://ai.dev/rate-l...",14.2/25 (57%)
74,DEBUG_04,Debugging & Troubleshooting,Data quality issue: Aggregated results don't match raw data. Warranty claims tot...,"High-level issue diagnosis: (1) Business logic incorrect? Check calculations. (2) Data incomplete? Check source filters, joins. (3) Performance slow? Profile. (4) External service down? Check dependencies.","ERROR: 429 RESOURCEEXHAUSTED. {'error': {'code': 429, 'message': 'You exceeded your current quota, please check your plan and billing details. For more information on this error, head to: https://ai.google.dev/gemini-api/docs/rate-limits. To monitor your current usage, head to: https://ai.dev/rate-l...",13.4/25 (54%)
75,DEBUG_05,Debugging & Troubleshooting,Complex bug: Model predictions are inconsistent. Same input sometimes gives diff...,"Prevention: Unit tests for edge cases (empty, single, large), code review (extra eyes catch logic errors), staging environment (test real-like data), monitoring (alert on anomalies).","ERROR: 429 RESOURCEEXHAUSTED. {'error': {'code': 429, 'message': 'You exceeded your current quota, please check your plan and billing details. For more information on this error, head to: https://ai.google.dev/gemini-api/docs/rate-limits. To monitor your current usage, head to: https://ai.dev/rate-l...",17.0/30 (57%)
76,PERF_01,Performance Optimization,Optimize this query (slow scan on large table): SELECT * FROM warranty_claims WH...,"SQL optimization: (1) Index on WHERE/JOIN columns, (2) Avoid SELECT *, (3) Partition on date, (4) Materialized views for expensive aggregations, (5) Analyze query plans EXPLAIN.","ERROR: 429 RESOURCEEXHAUSTED. {'error': {'code': 429, 'message': 'You exceeded your current quota, please check your plan and billing details. For more information on this error, head to: https://ai.google.dev/gemini-api/docs/rate-limits. To monitor your current usage, head to: https://ai.dev/rate-l...",10.6/20 (53%)
77,PERF_02,Performance Optimization,This Python loop is slow on large dataframes. Vectorize it: for i in range(len(d...,"Application optimization: (1) Batch operations (N+1 problem), (2) Caching layer, (3) Async processing for non-critical tasks, (4) Connection pooling, (5) Remove unnecessary computations.","ERROR: 429 RESOURCEEXHAUSTED. {'error': {'code': 429, 'message': 'You exceeded your current quota, please check your plan and billing details. For more information on this error, head to: https://ai.google.dev/gemini-api/docs/rate-limits. To monitor your current usage, head to: https://ai.dev/rate-l...",10.6/20 (53%)
78,PERF_03,Performance Optimization,Huge join between sales (1M rows) and warranty (500K rows) is very slow. Propose...,"Benchmarking: Measure baseline (old vs new), latency percentiles (p50/p95/p99), throughput (requests/sec), resource usage (CPU/memory). Tool: Apache JMeter, load simulators.","ERROR: 429 RESOURCEEXHAUSTED. {'error': {'code': 429, 'message': 'You exceeded your current quota, please check your plan and billing details. For more information on this error, head to: https://ai.google.dev/gemini-api/docs/rate-limits. To monitor your current usage, head to: https://ai.dev/rate-l...",13.8/25 (55%)
79,PERF_04,Performance Optimization,Data pipeline times out processing 10GB dataset. What optimization techniques wo...,"Common bottlenecks: Unindexed queries (database), network round-trips (N+1), lack of caching, inefficient algorithms (quadratic complexity), blocking operations.","ERROR: 429 RESOURCEEXHAUSTED. {'error': {'code': 429, 'message': 'You exceeded your current quota, please check your plan and billing details. For more information on this error, head to: https://ai.google.dev/gemini-api/docs/rate-limits. To monitor your current usage, head to: https://ai.dev/rate-l...",13.9/25 (56%)
80,PERF_05,Performance Optimization,Design query optimization strategy for a data warehouse with billions of rows. I...,"Scalability: Horizontal (add servers/instances), Vertical (bigger machine), Caching (reduce compute), Async (non-blocking), Batch (aggregate work), Data partitioning (distribute load).","ERROR: 429 RESOURCEEXHAUSTED. {'error': {'code': 429, 'message': 'You exceeded your current quota, please check your plan and billing details. For more information on this error, head to: https://ai.google.dev/gemini-api/docs/rate-limits. To monitor your current usage, head to: https://ai.dev/rate-l...",16.6/30 (55%)
81,CODREV_01,Code Review & Issue Detection,"Review this Python code: 'import numpy as np
data = np.array([1,2,3])
result = c...",Missing function definition or import for calculate_mean,"ERROR: 429 RESOURCEEXHAUSTED. {'error': {'code': 429, 'message': 'You exceeded your current quota, please check your plan and billing details. For more information on this error, head to: https://ai.google.dev/gemini-api/docs/rate-limits. To monitor your current usage, head to: https://ai.dev/rate-l...",11.2/20 (56%)
82,CODREV_02,Code Review & Issue Detection,Identify issues in this SQL: 'SELECT * FROM sales WHERE date > 2024'. What could...,"Missing quotes around date string, potential NULL handling issues, missing year format specification","ERROR: 429 RESOURCEEXHAUSTED. {'error': {'code': 429, 'message': 'You exceeded your current quota, please check your plan and billing details. For more information on this error, head to: https://ai.google.dev/gemini-api/docs/rate-limits. To monitor your current usage, head to: https://ai.dev/rate-l...",11.2/20 (56%)
83,CODREV_03,Code Review & Issue Detection,"Review this API endpoint code. Identify missing error handling, validation, and ...","No input validation, SQL injection risk, no error handling for not found, no authentication, no logging","ERROR: 429 RESOURCEEXHAUSTED. {'error': {'code': 429, 'message': 'You exceeded your current quota, please check your plan and billing details. For more information on this error, head to: https://ai.google.dev/gemini-api/docs/rate-limits. To monitor your current usage, head to: https://ai.dev/rate-l...",14.2/25 (57%)
84,CODREV_04,Code Review & Issue Detection,This data pipeline is missing critical components. Identify all gaps: Load CSV â...,"Data validation, error handling, logging, monitoring, retry logic, schema validation, notification on failure, backup/recovery","ERROR: 429 RESOURCEEXHAUSTED. {'error': {'code': 429, 'message': 'You exceeded your current quota, please check your plan and billing details. For more information on this error, head to: https://ai.google.dev/gemini-api/docs/rate-limits. To monitor your current usage, head to: https://ai.dev/rate-l...",N/A
85,CODREV_05,Code Review & Issue Detection,Complete code review: Find 5+ issues in this production code: 'def process_data(...,"No error handling, no logging, no data validation, hardcoded paths, no type hints, no documentation, race conditions possible, no rollback mechanism","ERROR: 429 RESOURCEEXHAUSTED. {'error': {'code': 429, 'message': 'You exceeded your current quota, please check your plan and billing details. For more information on this error, head to: https://ai.google.dev/gemini-api/docs/rate-limits. To monitor your current usage, head to: https://ai.dev/rate-l...",17.1/30 (57%)
86,LIBFIX_01,Library & Dependency Management,Code uses 'import pandas as pd' but pandas might not be installed. How would you...,"Try-except import with fallback to CSV/dict operations, or suggest requirements.txt with version pinning","ERROR: 429 RESOURCEEXHAUSTED. {'error': {'code': 429, 'message': 'You exceeded your current quota, please check your plan and billing details. For more information on this error, head to: https://ai.google.dev/gemini-api/docs/rate-limits. To monitor your current usage, head to: https://ai.dev/rate-l...",11.3/20 (57%)
87,LIBFIX_02,Library & Dependency Management,A data analysis script needs to handle both Excel and CSV files. What libraries ...,"pandas (Excel+CSV), openpyxl (Excel), or xlrd (older Excel). Suggest pandas for unified interface","ERROR: 429 RESOURCEEXHAUSTED. {'error': {'code': 429, 'message': 'You exceeded your current quota, please check your plan and billing details. For more information on this error, head to: https://ai.google.dev/gemini-api/docs/rate-limits. To monitor your current usage, head to: https://ai.dev/rate-l...",11.0/20 (55%)
88,LIBFIX_03,Library & Dependency Management,Your code uses deprecated functions from an old library version. How would you i...,"Check changelog, use deprecation warnings, version constraints, test suite, automated migration tools","ERROR: 429 RESOURCEEXHAUSTED. {'error': {'code': 429, 'message': 'You exceeded your current quota, please check your plan and billing details. For more information on this error, head to: https://ai.google.dev/gemini-api/docs/rate-limits. To monitor your current usage, head to: https://ai.dev/rate-l...",14.1/25 (56%)
89,LIBFIX_04,Library & Dependency Management,You need to add new functionality that requires a new library. How do you evalua...,"Performance benchmark, feature comparison, maintenance status, ecosystem integration, learning curve, production readiness","ERROR: 429 RESOURCEEXHAUSTED. {'error': {'code': 429, 'message': 'You exceeded your current quota, please check your plan and billing details. For more information on this error, head to: https://ai.google.dev/gemini-api/docs/rate-limits. To monitor your current usage, head to: https://ai.dev/rate-l...",14.6/25 (58%)
90,LIBFIX_05,Library & Dependency Management,Build a dependency resolution strategy: Handle 10 libraries with conflicting ver...,"Virtual environments, Docker, requirements.txt with version ranges, constraint files, dependency tree analysis, testing matrix","ERROR: 429 RESOURCEEXHAUSTED. {'error': {'code': 429, 'message': 'You exceeded your current quota, please check your plan and billing details. For more information on this error, head to: https://ai.google.dev/gemini-api/docs/rate-limits. To monitor your current usage, head to: https://ai.dev/rate-l...",16.6/30 (55%)
91,COMM_01,Communication & Documentation,This function has no docstring or comments. Write proper documentation: 'def cal...,"Status update: 'Completed data validation (200 records verified). Fixed 3 data quality issues. Ready for analyst review by EOD.' Specific, quantified, timeline.","ERROR: 429 RESOURCEEXHAUSTED. {'error': {'code': 429, 'message': 'You exceeded your current quota, please check your plan and billing details. For more information on this error, head to: https://ai.google.dev/gemini-api/docs/rate-limits. To monitor your current usage, head to: https://ai.dev/rate-l...",10.6/20 (53%)
92,COMM_02,Communication & Documentation,Review this code comment: '# do stuff'. How would you improve it?,"Complex topic: Start with high-level (1-2 sentences), then details. Example: 'Sales variance traced to regional inventory. Q2 Asia had 40% lower supply due to shipment delays. Impact: 15% revenue miss.'","ERROR: 429 RESOURCEEXHAUSTED. {'error': {'code': 429, 'message': 'You exceeded your current quota, please check your plan and billing details. For more information on this error, head to: https://ai.google.dev/gemini-api/docs/rate-limits. To monitor your current usage, head to: https://ai.dev/rate-l...",10.8/20 (54%)
93,COMM_03,Communication & Documentation,"Create API documentation for an endpoint. Include endpoint, params, response for...",Technical explanation: Use analogies. 'Database indexing works like book table of contents—find section directly instead of reading every page.' Then explain actual technical benefit.,"ERROR: 429 RESOURCEEXHAUSTED. {'error': {'code': 429, 'message': 'You exceeded your current quota, please check your plan and billing details. For more information on this error, head to: https://ai.google.dev/gemini-api/docs/rate-limits. To monitor your current usage, head to: https://ai.dev/rate-l...",13.2/25 (53%)
94,COMM_04,Communication & Documentation,Document a complex SQL query with CTEs. Explain what each CTE does and final out...,"Bad news delivery: Lead with impact, explain root cause, offer solution. 'Warranty claims up 12% (higher than expected). Vehicles from batch 2024-02 affected. Implementing sensor replacement program.'","ERROR: 429 RESOURCEEXHAUSTED. {'error': {'code': 429, 'message': 'You exceeded your current quota, please check your plan and billing details. For more information on this error, head to: https://ai.google.dev/gemini-api/docs/rate-limits. To monitor your current usage, head to: https://ai.dev/rate-l...",13.3/25 (53%)
95,COMM_05,Communication & Documentation,"Write complete Project README including: setup, usage, architecture, troubleshoo...",Documentation: For analysts—explain business context & limitations. For developers—code examples & error cases. For leaders—ROI & timelines. Audience-appropriate depth & terminology.,"ERROR: 429 RESOURCEEXHAUSTED. {'error': {'code': 429, 'message': 'You exceeded your current quota, please check your plan and billing details. For more information on this error, head to: https://ai.google.dev/gemini-api/docs/rate-limits. To monitor your current usage, head to: https://ai.dev/rate-l...",17.5/30 (58%)
96,SECURE_01,Security & Best Practices,"Identify security issue: 'password = input(""Enter password: ""); db_query(f""SELEC...","SQL injection vulnerability, password exposed in memory, credentials in code, no hashing","ERROR: 429 RESOURCEEXHAUSTED. {'error': {'code': 429, 'message': 'You exceeded your current quota, please check your plan and billing details. For more information on this error, head to: https://ai.google.dev/gemini-api/docs/rate-limits. To monitor your current usage, head to: https://ai.dev/rate-l...",11.3/20 (56%)
97,SECURE_02,Security & Best Practices,API stores API keys in config file. What are security risks and proper approach?,"Hardcoded secrets risk, use environment variables or secrets manager, never commit to git","ERROR: 429 RESOURCEEXHAUSTED. {'error': {'code': 429, 'message': 'You exceeded your current quota, please check your plan and billing details. For more information on this error, head to: https://ai.google.dev/gemini-api/docs/rate-limits. To monitor your current usage, head to: https://ai.dev/rate-l...",11.3/20 (56%)
98,SECURE_03,Security & Best Practices,This code doesn't validate user input before processing. List validation checks ...,"Type checking, length validation, format validation, SQL injection prevention, XSS prevention, range checking","ERROR: 429 RESOURCEEXHAUSTED. {'error': {'code': 429, 'message': 'You exceeded your current quota, please check your plan and billing details. For more information on this error, head to: https://ai.google.dev/gemini-api/docs/rate-limits. To monitor your current usage, head to: https://ai.dev/rate-l...",14.2/25 (57%)
99,SECURE_04,Security & Best Practices,Design secure data pipeline: Load sensitive data â†’ Process â†’ Store. What saf...,"Encryption in transit/at rest, access controls, audit logging, data masking, retention policies, compliance","ERROR: 429 RESOURCEEXHAUSTED. {'error': {'code': 429, 'message': 'You exceeded your current quota, please check your plan and billing details. For more information on this error, head to: https://ai.google.dev/gemini-api/docs/rate-limits. To monitor your current usage, head to: https://ai.dev/rate-l...",N/A
100,SECURE_05,Security & Best Practices,"Implement complete security review checklist for production code: auth, encrypti...","Authentication/authorization, input validation, encryption, logging/monitoring, error handling, rate limiting, compliance","ERROR: 429 RESOURCEEXHAUSTED. {'error': {'code': 429, 'message': 'You exceeded your current quota, please check your plan and billing details. For more information on this error, head to: https://ai.google.dev/gemini-api/docs/rate-limits. To monitor your current usage, head to: https://ai.dev/rate-l...",17.2/30 (57%)
101,TEST_01,Testing & Quality Assurance,"Write unit tests for function: 'def add(a, b): return a + b'. Cover all cases.","Pyramid: 70% unit tests (fast, isolated), 20% integration tests (component interaction), 10% E2E tests (full workflow). Tools: pytest, unittest (Python), mock for dependencies.","ERROR: 429 RESOURCEEXHAUSTED. {'error': {'code': 429, 'message': 'You exceeded your current quota, please check your plan and billing details. For more information on this error, head to: https://ai.google.dev/gemini-api/docs/rate-limits. To monitor your current usage, head to: https://ai.dev/rate-l...",10.6/20 (53%)
102,TEST_02,Testing & Quality Assurance,Design integration test for: Load CSV â†’ Transform â†’ Save. What to test?,"Unit test structure: Arrange (setup), Act (call function), Assert (check result), Cleanup (teardown). Name: test_<function>_<scenario>. Cover: happy path, edge cases, errors.","ERROR: 429 RESOURCEEXHAUSTED. {'error': {'code': 429, 'message': 'You exceeded your current quota, please check your plan and billing details. For more information on this error, head to: https://ai.google.dev/gemini-api/docs/rate-limits. To monitor your current usage, head to: https://ai.dev/rate-l...",N/A
103,TEST_03,Testing & Quality Assurance,"Create test strategy for data pipeline with CI/CD. Include unit, integration, en...","Coverage target: 80%+ lines. Tools: coverage.py. But focus on critical paths, not just percentage. Untested exception handlers more valuable than untested comments.","ERROR: 429 RESOURCEEXHAUSTED. {'error': {'code': 429, 'message': 'You exceeded your current quota, please check your plan and billing details. For more information on this error, head to: https://ai.google.dev/gemini-api/docs/rate-limits. To monitor your current usage, head to: https://ai.dev/rate-l...",14.3/25 (57%)
104,TEST_04,Testing & Quality Assurance,How would you test this complex SQL query? What edge cases?,"Integration tests: Use test database, fixtures for sample data, verify workflows (query → transform → load). Async tests with proper awaits. Database rollback per test.","ERROR: 429 RESOURCEEXHAUSTED. {'error': {'code': 429, 'message': 'You exceeded your current quota, please check your plan and billing details. For more information on this error, head to: https://ai.google.dev/gemini-api/docs/rate-limits. To monitor your current usage, head to: https://ai.dev/rate-l...",14.0/25 (56%)
105,TEST_05,Testing & Quality Assurance,"Design comprehensive test suite: unit tests, integration tests, performance test...","CI/CD integration: Run tests on every commit, report results, block merge if failures. Setup: GitHub Actions, Jenkins, GitLab CI. Parallelization for speed.","ERROR: 429 RESOURCEEXHAUSTED. {'error': {'code': 429, 'message': 'You exceeded your current quota, please check your plan and billing details. For more information on this error, head to: https://ai.google.dev/gemini-api/docs/rate-limits. To monitor your current usage, head to: https://ai.dev/rate-l...",15.9/30 (53%)
106,SAT_01,Saturation & Complexity Limits,"Process this moderately complex dataset: Join 3 tables, clean data, calculate 5 ...","Saturation scenario: Database hits max connections, API response time exceeds SLA, memory growing (leak). Diagnosis: Monitor connection pool, query slow log, heap dump.","ERROR: 429 RESOURCEEXHAUSTED. {'error': {'code': 429, 'message': 'You exceeded your current quota, please check your plan and billing details. For more information on this error, head to: https://ai.google.dev/gemini-api/docs/rate-limits. To monitor your current usage, head to: https://ai.dev/rate-l...",21.2/40 (53%)
107,SAT_02,Saturation & Complexity Limits,"Complex request: Analyze 10+ CSV files, handle schema variations, normalize data...","Handling overload: (1) Queue requests (back-off strategy), (2) Degrade gracefully (reduced features, cached responses), (3) Scale horizontally (add instances), (4) Circuit breaker (fail fast).","ERROR: 429 RESOURCEEXHAUSTED. {'error': {'code': 429, 'message': 'You exceeded your current quota, please check your plan and billing details. For more information on this error, head to: https://ai.google.dev/gemini-api/docs/rate-limits. To monitor your current usage, head to: https://ai.dev/rate-l...",23.9/45 (53%)
108,SAT_03,Saturation & Complexity Limits,"Ultimate complexity: Process real-world messy data (missing values, duplicates, ...","Capacity planning: Forecast load growth, calculate resources needed (CPU, memory, storage, connections). Headroom: 20-30% spare capacity for spikes. Test at 150% normal load.","ERROR: 429 RESOURCEEXHAUSTED. {'error': {'code': 429, 'message': 'You exceeded your current quota, please check your plan and billing details. For more information on this error, head to: https://ai.google.dev/gemini-api/docs/rate-limits. To monitor your current usage, head to: https://ai.dev/rate-l...",26.5/50 (53%)
109,SAT_04,Saturation & Complexity Limits,"Multi-dimensional analysis: Analyze sales across 4 regions, 8 product categories...","Load shedding: Prioritize requests (VIP users), reject low-priority (background jobs), degraded mode (limited queries). SLA: critical <2s, normal <5s, batch <1hr.","ERROR: 429 RESOURCEEXHAUSTED. {'error': {'code': 429, 'message': 'You exceeded your current quota, please check your plan and billing details. For more information on this error, head to: https://ai.google.dev/gemini-api/docs/rate-limits. To monitor your current usage, head to: https://ai.dev/rate-l...",28.3/50 (57%)
110,SAT_05,Saturation & Complexity Limits,Extreme multi-step task: Load data â†’ validate â†’ clean â†’ deduplicate â†’ no...,"Recovery: After saturation resolves, monitor for leaks, restart if needed, analyze root cause (load spike, memory leak, slow query), implement fix, test at scale.","ERROR: 429 RESOURCEEXHAUSTED. {'error': {'code': 429, 'message': 'You exceeded your current quota, please check your plan and billing details. For more information on this error, head to: https://ai.google.dev/gemini-api/docs/rate-limits. To monitor your current usage, head to: https://ai.dev/rate-l...",N/A
111,LCTX_01,Long-Context Handling,"Given a 50-line specification document with 15 requirements, extract all constra...","Prompt organization: (1) Instruction (clear task), (2) Context (data/examples), (3) Format (expected output), (4) Edge cases (special handling). Separate with ## Headers. Summarize complex sections.","ERROR: 429 RESOURCEEXHAUSTED. {'error': {'code': 429, 'message': 'You exceeded your current quota, please check your plan and billing details. For more information on this error, head to: https://ai.google.dev/gemini-api/docs/rate-limits. To monitor your current usage, head to: https://ai.dev/rate-l...",22.8/40 (57%)
112,LCTX_02,Long-Context Handling,"Process 100+ line codebase with interdependencies. Identify design patterns, arc...","With long context: (1) Re-state key questions at end, (2) Use examples from provided data, (3) Reference specific line numbers, (4) Break into logically coherent sections, (5) Test understanding with examples.","ERROR: 429 RESOURCEEXHAUSTED. {'error': {'code': 429, 'message': 'You exceeded your current quota, please check your plan and billing details. For more information on this error, head to: https://ai.google.dev/gemini-api/docs/rate-limits. To monitor your current usage, head to: https://ai.dev/rate-l...",24.0/45 (53%)
113,LCTX_03,Long-Context Handling,Analyze Ford's production vehicle database with 210+ MILLION records. Query: `pr...,"Data in context: Tabular data formatted, key values highlighted, relevant columns only. Summarize irrelevant sections. Tell model which columns matter for task.","ERROR: 429 RESOURCEEXHAUSTED. {'error': {'code': 429, 'message': 'You exceeded your current quota, please check your plan and billing details. For more information on this error, head to: https://ai.google.dev/gemini-api/docs/rate-limits. To monitor your current usage, head to: https://ai.dev/rate-l...",26.5/50 (53%)
114,LCTX_04,Long-Context Handling,Maintain context through 20-step workflow: requirements â†’ design â†’ code â†’ ...,"Reference handling: If exceeding limit, use: chunks (break into parts), RAG (query-based retrieval), summarization (compress less relevant sections), focusing (extract key info only).","ERROR: 429 RESOURCEEXHAUSTED. {'error': {'code': 429, 'message': 'You exceeded your current quota, please check your plan and billing details. For more information on this error, head to: https://ai.google.dev/gemini-api/docs/rate-limits. To monitor your current usage, head to: https://ai.dev/rate-l...",N/A
115,LCTX_05,Long-Context Handling,Process multi-document analysis: correlate findings across 5 different specifica...,"Quality validation: (1) Model answered using provided data?, (2) Numerical answers match context?, (3) References correct sources?, (4) Hallucinations (invented data)? Test on known answers.","ERROR: 429 RESOURCEEXHAUSTED. {'error': {'code': 429, 'message': 'You exceeded your current quota, please check your plan and billing details. For more information on this error, head to: https://ai.google.dev/gemini-api/docs/rate-limits. To monitor your current usage, head to: https://ai.dev/rate-l...",29.2/55 (53%)
116,SUST_01,Sustained Performance & Fatigue,Task 1 of 10-task marathon: Solve basic SQL query,SELECT query with correct syntax,"ERROR: 429 RESOURCEEXHAUSTED. {'error': {'code': 429, 'message': 'You exceeded your current quota, please check your plan and billing details. For more information on this error, head to: https://ai.google.dev/gemini-api/docs/rate-limits. To monitor your current usage, head to: https://ai.dev/rate-l...",10.6/20 (53%)
117,SUST_02,Sustained Performance & Fatigue,Task 2 of 10: Write Python function to process data,Well-structured function with error handling,"ERROR: 429 RESOURCEEXHAUSTED. {'error': {'code': 429, 'message': 'You exceeded your current quota, please check your plan and billing details. For more information on this error, head to: https://ai.google.dev/gemini-api/docs/rate-limits. To monitor your current usage, head to: https://ai.dev/rate-l...",10.6/20 (53%)
118,SUST_03,Sustained Performance & Fatigue,Task 3 of 10: Analyze dataset and find patterns,Identified patterns with supporting evidence,"ERROR: 429 RESOURCEEXHAUSTED. {'error': {'code': 429, 'message': 'You exceeded your current quota, please check your plan and billing details. For more information on this error, head to: https://ai.google.dev/gemini-api/docs/rate-limits. To monitor your current usage, head to: https://ai.dev/rate-l...",10.9/20 (54%)
119,SUST_04,Sustained Performance & Fatigue,Task 4 of 10: Complex multi-step analysis (fatigue now setting in),Multi-step solution maintaining quality despite prior tasks,"ERROR: 429 RESOURCEEXHAUSTED. {'error': {'code': 429, 'message': 'You exceeded your current quota, please check your plan and billing details. For more information on this error, head to: https://ai.google.dev/gemini-api/docs/rate-limits. To monitor your current usage, head to: https://ai.dev/rate-l...",15.9/30 (53%)
120,SUST_05,Sustained Performance & Fatigue,Task 5 of 10: Midpoint - does quality degrade? Comprehensive code review of 50-l...,Thorough review finding 5+ issues despite midpoint fatigue,"ERROR: 429 RESOURCEEXHAUSTED. {'error': {'code': 429, 'message': 'You exceeded your current quota, please check your plan and billing details. For more information on this error, head to: https://ai.google.dev/gemini-api/docs/rate-limits. To monitor your current usage, head to: https://ai.dev/rate-l...",19.2/35 (55%)
121,SUST_06,Sustained Performance & Fatigue,Task 6 of 10: Post-midpoint challenge. Design system architecture for growing da...,Scalable architecture with trade-off analysis,"ERROR: 429 RESOURCEEXHAUSTED. {'error': {'code': 429, 'message': 'You exceeded your current quota, please check your plan and billing details. For more information on this error, head to: https://ai.google.dev/gemini-api/docs/rate-limits. To monitor your current usage, head to: https://ai.dev/rate-l...",18.9/35 (54%)
122,SUST_07,Sustained Performance & Fatigue,Task 7 of 10: Performance degradation evident? Write optimized query with explan...,Optimized query with performance justification,"ERROR: 429 RESOURCEEXHAUSTED. {'error': {'code': 429, 'message': 'You exceeded your current quota, please check your plan and billing details. For more information on this error, head to: https://ai.google.dev/gemini-api/docs/rate-limits. To monitor your current usage, head to: https://ai.dev/rate-l...",18.6/35 (53%)
123,SUST_08,Sustained Performance & Fatigue,Task 8 of 10: Fatigue mounting - complex security audit of API code,Comprehensive security review finding critical issues,"ERROR: 429 RESOURCEEXHAUSTED. {'error': {'code': 429, 'message': 'You exceeded your current quota, please check your plan and billing details. For more information on this error, head to: https://ai.google.dev/gemini-api/docs/rate-limits. To monitor your current usage, head to: https://ai.dev/rate-l...",21.9/40 (55%)
124,SUST_09,Sustained Performance & Fatigue,Task 9 of 10: Near end - final complex push. Implement machine learning pipeline...,Complete ML pipeline with validation and explanation,"ERROR: 429 RESOURCEEXHAUSTED. {'error': {'code': 429, 'message': 'You exceeded your current quota, please check your plan and billing details. For more information on this error, head to: https://ai.google.dev/gemini-api/docs/rate-limits. To monitor your current usage, head to: https://ai.dev/rate-l...",23.9/45 (53%)
125,SUST_10,Sustained Performance & Fatigue,Task 10 of 10: Final marathon task - compare results to Task 1. Has quality degr...,Comprehensive test suite showing maintained quality despite 10-task sequence,"ERROR: 429 RESOURCEEXHAUSTED. {'error': {'code': 429, 'message': 'You exceeded your current quota, please check your plan and billing details. For more information on this error, head to: https://ai.google.dev/gemini-api/docs/rate-limits. To monitor your current usage, head to: https://ai.dev/rate-l...",23.9/45 (53%)
126,SWITCH_01,Context Switching & Task Clarity,"Working on Python: 'def process_data(file): ...'. Now, DIFFERENT TOPIC: Write SQ...",Pure SQL query without Python wrapper or integration,"ERROR: 429 RESOURCEEXHAUSTED. {'error': {'code': 429, 'message': 'You exceeded your current quota, please check your plan and billing details. For more information on this error, head to: https://ai.google.dev/gemini-api/docs/rate-limits. To monitor your current usage, head to: https://ai.dev/rate-l...",10.6/20 (53%)
127,SWITCH_02,Context Switching & Task Clarity,Context: You've been analyzing warranty data. NEW TOPIC: Design REST API endpoin...,"Clear API endpoint design with request/response format, not continued data analysis","ERROR: 429 RESOURCEEXHAUSTED. {'error': {'code': 429, 'message': 'You exceeded your current quota, please check your plan and billing details. For more information on this error, head to: https://ai.google.dev/gemini-api/docs/rate-limits. To monitor your current usage, head to: https://ai.dev/rate-l...",11.2/20 (56%)
128,SWITCH_03,Context Switching & Task Clarity,Discuss Python async patterns. SWITCHING: Now explain how to implement caching i...,"PostgreSQL caching (no Python code), recognizing implicit switch","ERROR: 429 RESOURCEEXHAUSTED. {'error': {'code': 429, 'message': 'You exceeded your current quota, please check your plan and billing details. For more information on this error, head to: https://ai.google.dev/gemini-api/docs/rate-limits. To monitor your current usage, head to: https://ai.dev/rate-l...",13.8/25 (55%)
129,SWITCH_04,Context Switching & Task Clarity,Rapid switches without explicit markers: 1) 'Write Python error handler' 2) 'Cre...,"All 4 tasks completed separately and correctly, no cross-contamination","ERROR: 429 RESOURCEEXHAUSTED. {'error': {'code': 429, 'message': 'You exceeded your current quota, please check your plan and billing details. For more information on this error, head to: https://ai.google.dev/gemini-api/docs/rate-limits. To monitor your current usage, head to: https://ai.dev/rate-l...",13.7/25 (55%)
130,SWITCH_05,Context Switching & Task Clarity,Complex nested switch: Start Python script â†’ switch to SQL query â†’ show how ...,"All 5 contexts maintained, integration shown correctly, no contradictions","ERROR: 429 RESOURCEEXHAUSTED. {'error': {'code': 429, 'message': 'You exceeded your current quota, please check your plan and billing details. For more information on this error, head to: https://ai.google.dev/gemini-api/docs/rate-limits. To monitor your current usage, head to: https://ai.dev/rate-l...",N/A
131,SWITCH_06,Context Switching & Task Clarity,Vague topic switch: 'Working on data pipeline. Now do the other thing.' What doe...,"Asks for clarification about what 'other thing' means, or makes reasonable assumption with caveats","ERROR: 429 RESOURCEEXHAUSTED. {'error': {'code': 429, 'message': 'You exceeded your current quota, please check your plan and billing details. For more information on this error, head to: https://ai.google.dev/gemini-api/docs/rate-limits. To monitor your current usage, head to: https://ai.dev/rate-l...",13.9/25 (56%)
132,SWITCH_07,Context Switching & Task Clarity,Implicit domain switch with shared concepts: 'Optimize sales database performanc...,"Correctly applies optimization concepts from SQL to API caching, recognizing conceptual transfer","ERROR: 429 RESOURCEEXHAUSTED. {'error': {'code': 429, 'message': 'You exceeded your current quota, please check your plan and billing details. For more information on this error, head to: https://ai.google.dev/gemini-api/docs/rate-limits. To monitor your current usage, head to: https://ai.dev/rate-l...",17.1/30 (57%)
133,SWITCH_08,Context Switching & Task Clarity,Requires maintaining two contexts in parallel: 'Implement Python function AND si...,"Both implementations correct and synchronized, clear which is primary","ERROR: 429 RESOURCEEXHAUSTED. {'error': {'code': 429, 'message': 'You exceeded your current quota, please check your plan and billing details. For more information on this error, head to: https://ai.google.dev/gemini-api/docs/rate-limits. To monitor your current usage, head to: https://ai.dev/rate-l...",18.6/35 (53%)
134,SWITCH_09,Context Switching & Task Clarity,Conflicting topics with same variable names: Write function with 'data' variable...,"Clear distinction between Python variable and SQL table, proper integration","ERROR: 429 RESOURCEEXHAUSTED. {'error': {'code': 429, 'message': 'You exceeded your current quota, please check your plan and billing details. For more information on this error, head to: https://ai.google.dev/gemini-api/docs/rate-limits. To monitor your current usage, head to: https://ai.dev/rate-l...",18.6/35 (53%)
135,SWITCH_10,Context Switching & Task Clarity,Multi-stage recursive switching: 1) Python script 2) Its SQL queries 3) Performa...,All 6 stages complete with correct context and proper integration between stages,"ERROR: 429 RESOURCEEXHAUSTED. {'error': {'code': 429, 'message': 'You exceeded your current quota, please check your plan and billing details. For more information on this error, head to: https://ai.google.dev/gemini-api/docs/rate-limits. To monitor your current usage, head to: https://ai.dev/rate-l...",21.2/40 (53%)
136,WRITE_01,Writing & Content Generation,Summarize this article in exactly 100 words (Â±5 words acceptable). Focus on the...,"100-word summary: Topic (15), Benefits (40), Impact (30), Conclusion (15).","ERROR: 429 RESOURCEEXHAUSTED. {'error': {'code': 429, 'message': 'You exceeded your current quota, please check your plan and billing details. For more information on this error, head to: https://ai.google.dev/gemini-api/docs/rate-limits. To monitor your current usage, head to: https://ai.dev/rate-l...",15.9/30 (53%)
137,WRITE_02,Writing & Content Generation,Write a polished product requirements document (200 words) that synthesizes thes...,PRD (200w): Exec (50) → Problem (40) → Solution (60) → Metrics (30) → Timeline (20).,"ERROR: 429 RESOURCEEXHAUSTED. {'error': {'code': 429, 'message': 'You exceeded your current quota, please check your plan and billing details. For more information on this error, head to: https://ai.google.dev/gemini-api/docs/rate-limits. To monitor your current usage, head to: https://ai.dev/rate-l...",15.9/30 (53%)
138,WRITE_03,Writing & Content Generation,Rewrite this technical description for three different audiences in 80 words eac...,"3 versions @ 80w: Executive (ROI), Technical (Architecture), End-user (Benefits).","ERROR: 429 RESOURCEEXHAUSTED. {'error': {'code': 429, 'message': 'You exceeded your current quota, please check your plan and billing details. For more information on this error, head to: https://ai.google.dev/gemini-api/docs/rate-limits. To monitor your current usage, head to: https://ai.dev/rate-l...",18.6/35 (53%)
139,WRITE_04,Writing & Content Generation,Convert this narrative into structured format: (1) Feature Overview (2-3 sentenc...,Sections: Overview (2-3s) → Benefits (3-5b) → Requirements (2-3b) → Criteria (2-3b) → Timeline (1-2s).,"ERROR: 429 RESOURCEEXHAUSTED. {'error': {'code': 429, 'message': 'You exceeded your current quota, please check your plan and billing details. For more information on this error, head to: https://ai.google.dev/gemini-api/docs/rate-limits. To monitor your current usage, head to: https://ai.dev/rate-l...",15.9/30 (53%)
140,WRITE_05,Writing & Content Generation,Write the complete API documentation section (300-350 words) that includes secti...,API docs: Overview (40) → Auth (50) → Endpoints (100) → Errors (40) → Limits (30) → Examples (60).,"ERROR: 429 RESOURCEEXHAUSTED. {'error': {'code': 429, 'message': 'You exceeded your current quota, please check your plan and billing details. For more information on this error, head to: https://ai.google.dev/gemini-api/docs/rate-limits. To monitor your current usage, head to: https://ai.dev/rate-l...",18.6/35 (53%)
141,WRITE_06,Writing & Content Generation,Write three 150-word versions of this migration announcement for: (1) Executive ...,"3 versions @ 150w: Executive (impact), Technical (details), Users (transition).","ERROR: 429 RESOURCEEXHAUSTED. {'error': {'code': 429, 'message': 'You exceeded your current quota, please check your plan and billing details. For more information on this error, head to: https://ai.google.dev/gemini-api/docs/rate-limits. To monitor your current usage, head to: https://ai.dev/rate-l...",18.6/35 (53%)
142,WRITE_07,Writing & Content Generation,Expand this 20-word concept into a 300-word explanation for technical documentat...,"Business case: Problem (25%), ROI (35%), Timeline (15%), Risks (15%), Recommendation (10%).","ERROR: 429 RESOURCEEXHAUSTED. {'error': {'code': 429, 'message': 'You exceeded your current quota, please check your plan and billing details. For more information on this error, head to: https://ai.google.dev/gemini-api/docs/rate-limits. To monitor your current usage, head to: https://ai.dev/rate-l...",15.9/30 (53%)
143,WRITE_08,Writing & Content Generation,Compress this 410-word email to exactly 200 words (Â±5 words) while retaining al...,"User guide: Introduction (10%), Getting started (20%), Step-by-step (40%), Troubleshooting (20%), Support (10%).","ERROR: 429 RESOURCEEXHAUSTED. {'error': {'code': 429, 'message': 'You exceeded your current quota, please check your plan and billing details. For more information on this error, head to: https://ai.google.dev/gemini-api/docs/rate-limits. To monitor your current usage, head to: https://ai.dev/rate-l...",N/A
144,WRITE_09,Writing & Content Generation,Write a 250-word business case for expense management system implementation that...,"Press release: Headline, Subheading, Lead paragraph (5W+H), Quotes (2-3), Company background, Close/CTA.","ERROR: 429 RESOURCEEXHAUSTED. {'error': {'code': 429, 'message': 'You exceeded your current quota, please check your plan and billing details. For more information on this error, head to: https://ai.google.dev/gemini-api/docs/rate-limits. To monitor your current usage, head to: https://ai.dev/rate-l...",18.6/35 (53%)
145,WRITE_10,Writing & Content Generation,Write a technical blog post titled 'Building Scalable Systems with Microservices...,"Email campaign: Subject line (compelling), Preview text (16-24 chars), Body (context), CTA button, Footer (opt-out).","ERROR: 429 RESOURCEEXHAUSTED. {'error': {'code': 429, 'message': 'You exceeded your current quota, please check your plan and billing details. For more information on this error, head to: https://ai.google.dev/gemini-api/docs/rate-limits. To monitor your current usage, head to: https://ai.dev/rate-l...",21.2/40 (53%)
